"","round","ex_day","ex_hour","hour_after_inoc","inoculationHour","group","level1","level2","level3","host_id","type","treatment","inoculationStatus","sample_measure","sample_material","detectionLimit","sample_result","sample_type","pathogen_name","gene_name"
"1","3","35",NA,NA,NA,NA,"3","9",NA,"128",NA,"Control","S",NA,NA,NA,"0","<http://www.purl.org/infection_trans#Swab>",NA,NA
"2","3","35",NA,NA,NA,NA,"5","12",NA,"175",NA,"S+I+","S",NA,NA,NA,"0","<http://www.purl.org/infection_trans#Swab>",NA,NA
"3","3","35",NA,NA,NA,NA,"2","9",NA,"127",NA,"Control","S",NA,NA,NA,"0","<http://www.purl.org/infection_trans#Swab>",NA,NA
"4","3","35",NA,NA,NA,NA,"9","11",NA,"164",NA,"S+","S",NA,NA,NA,"0","<http://www.purl.org/infection_trans#Swab>",NA,NA
"5","3","35",NA,NA,NA,NA,"2","12",NA,"172",NA,"S+I+","S",NA,NA,NA,"0","<http://www.purl.org/infection_trans#Swab>",NA,NA
"6","3","35",NA,NA,NA,NA,"10","11",NA,"165",NA,"S+","S",NA,NA,NA,"0","<http://www.purl.org/infection_trans#Swab>",NA,NA
"7","3","35",NA,NA,NA,NA,"7","12",NA,"177",NA,"S+I+","S",NA,NA,NA,"0","<http://www.purl.org/infection_trans#Swab>",NA,NA
"8","3","35",NA,NA,NA,NA,"6","10",NA,"146",NA,"I+","S",NA,NA,NA,"0","<http://www.purl.org/infection_trans#Swab>",NA,NA
"9","3","35",NA,NA,NA,NA,"0","10",NA,"138",NA,"I+","Inoculated",NA,NA,NA,"1","<http://www.purl.org/infection_trans#Swab>",NA,NA
"10","3","35",NA,NA,NA,NA,"4","10",NA,"144",NA,"I+","S",NA,NA,NA,"0","<http://www.purl.org/infection_trans#Swab>",NA,NA
"11","3","35",NA,NA,NA,NA,"2","10",NA,"142",NA,"I+","S",NA,NA,NA,"0","<http://www.purl.org/infection_trans#Swab>",NA,NA
"12","3","35",NA,NA,NA,NA,"6","11",NA,"161",NA,"S+","S",NA,NA,NA,"0","<http://www.purl.org/infection_trans#Swab>",NA,NA
"13","3","35",NA,NA,NA,NA,"10","10",NA,"150",NA,"I+","S",NA,NA,NA,"0","<http://www.purl.org/infection_trans#Swab>",NA,NA
"14","3","35",NA,NA,NA,NA,"0","10",NA,"137",NA,"I+","Inoculated",NA,NA,NA,"1","<http://www.purl.org/infection_trans#Swab>",NA,NA
"15","3","35",NA,NA,NA,NA,"0","12",NA,"168",NA,"S+I+","Inoculated",NA,NA,NA,"1","<http://www.purl.org/infection_trans#Swab>",NA,NA
"16","3","35",NA,NA,NA,NA,"5","9",NA,"130",NA,"Control","S",NA,NA,NA,"0","<http://www.purl.org/infection_trans#Swab>",NA,NA
"17","3","35",NA,NA,NA,NA,"9","10",NA,"149",NA,"I+","S",NA,NA,NA,"0","<http://www.purl.org/infection_trans#Swab>",NA,NA
"18","3","35",NA,NA,NA,NA,"3","10",NA,"143",NA,"I+","S",NA,NA,NA,"0","<http://www.purl.org/infection_trans#Swab>",NA,NA
"19","3","35",NA,NA,NA,NA,"0","9",NA,"121",NA,"Control","Inoculated",NA,NA,NA,"1","<http://www.purl.org/infection_trans#Swab>",NA,NA
"20","3","35",NA,NA,NA,NA,"0","12",NA,"169",NA,"S+I+","Inoculated",NA,NA,NA,"1","<http://www.purl.org/infection_trans#Swab>",NA,NA
"21","3","35",NA,NA,NA,NA,"1","11",NA,"156",NA,"S+","S",NA,NA,NA,"0","<http://www.purl.org/infection_trans#Swab>",NA,NA
"22","3","35",NA,NA,NA,NA,"5","11",NA,"160",NA,"S+","S",NA,NA,NA,"0","<http://www.purl.org/infection_trans#Swab>",NA,NA
"23","3","35",NA,NA,NA,NA,"0","12",NA,"167",NA,"S+I+","Inoculated",NA,NA,NA,"1","<http://www.purl.org/infection_trans#Swab>",NA,NA
"24","3","35",NA,NA,NA,NA,"0","9",NA,"122",NA,"Control","Inoculated",NA,NA,NA,"1","<http://www.purl.org/infection_trans#Swab>",NA,NA
"25","3","35",NA,NA,NA,NA,"0","12",NA,"166",NA,"S+I+","Inoculated",NA,NA,NA,"1","<http://www.purl.org/infection_trans#Swab>",NA,NA
"26","3","35",NA,NA,NA,NA,"1","9",NA,"126",NA,"Control","S",NA,NA,NA,"0","<http://www.purl.org/infection_trans#Swab>",NA,NA
"27","3","35",NA,NA,NA,NA,"9","12",NA,"179",NA,"S+I+","S",NA,NA,NA,"0","<http://www.purl.org/infection_trans#Swab>",NA,NA
"28","3","35",NA,NA,NA,NA,"2","11",NA,"157",NA,"S+","S",NA,NA,NA,"0","<http://www.purl.org/infection_trans#Swab>",NA,NA
"29","3","35",NA,NA,NA,NA,"5","10",NA,"145",NA,"I+","S",NA,NA,NA,"0","<http://www.purl.org/infection_trans#Swab>",NA,NA
"30","3","35",NA,NA,NA,NA,"0","9",NA,"123",NA,"Control","Inoculated",NA,NA,NA,"1","<http://www.purl.org/infection_trans#Swab>",NA,NA
"31","3","35",NA,NA,NA,NA,"0","10",NA,"136",NA,"I+","Inoculated",NA,NA,NA,"1","<http://www.purl.org/infection_trans#Swab>",NA,NA
"32","3","35",NA,NA,NA,NA,"0","11",NA,"152",NA,"S+","Inoculated",NA,NA,NA,"1","<http://www.purl.org/infection_trans#Swab>",NA,NA
"33","3","35",NA,NA,NA,NA,"8","10",NA,"148",NA,"I+","S",NA,NA,NA,"0","<http://www.purl.org/infection_trans#Swab>",NA,NA
"34","3","35",NA,NA,NA,NA,"0","9",NA,"124",NA,"Control","Inoculated",NA,NA,NA,"1","<http://www.purl.org/infection_trans#Swab>",NA,NA
"35","3","35",NA,NA,NA,NA,"7","9",NA,"132",NA,"Control","S",NA,NA,NA,"0","<http://www.purl.org/infection_trans#Swab>",NA,NA
"36","3","35",NA,NA,NA,NA,"0","12",NA,"170",NA,"S+I+","Inoculated",NA,NA,NA,"1","<http://www.purl.org/infection_trans#Swab>",NA,NA
"37","3","35",NA,NA,NA,NA,"0","10",NA,"139",NA,"I+","Inoculated",NA,NA,NA,"1","<http://www.purl.org/infection_trans#Swab>",NA,NA
"38","3","35",NA,NA,NA,NA,"3","11",NA,"158",NA,"S+","S",NA,NA,NA,"0","<http://www.purl.org/infection_trans#Swab>",NA,NA
"39","3","35",NA,NA,NA,NA,"1","10",NA,"141",NA,"I+","S",NA,NA,NA,"0","<http://www.purl.org/infection_trans#Swab>",NA,NA
"40","3","35",NA,NA,NA,NA,"0","10",NA,"140",NA,"I+","Inoculated",NA,NA,NA,"1","<http://www.purl.org/infection_trans#Swab>",NA,NA
"41","3","35",NA,NA,NA,NA,"0","11",NA,"153",NA,"S+","Inoculated",NA,NA,NA,"1","<http://www.purl.org/infection_trans#Swab>",NA,NA
"42","3","35",NA,NA,NA,NA,"8","11",NA,"163",NA,"S+","S",NA,NA,NA,"0","<http://www.purl.org/infection_trans#Swab>",NA,NA
"43","3","35",NA,NA,NA,NA,"6","12",NA,"176",NA,"S+I+","S",NA,NA,NA,"0","<http://www.purl.org/infection_trans#Swab>",NA,NA
"44","3","35",NA,NA,NA,NA,"7","10",NA,"147",NA,"I+","S",NA,NA,NA,"0","<http://www.purl.org/infection_trans#Swab>",NA,NA
"45","3","35",NA,NA,NA,NA,"6","9",NA,"131",NA,"Control","S",NA,NA,NA,"0","<http://www.purl.org/infection_trans#Swab>",NA,NA
"46","3","35",NA,NA,NA,NA,"9","9",NA,"134",NA,"Control","S",NA,NA,NA,"0","<http://www.purl.org/infection_trans#Swab>",NA,NA
"47","3","35",NA,NA,NA,NA,"4","11",NA,"159",NA,"S+","S",NA,NA,NA,"0","<http://www.purl.org/infection_trans#Swab>",NA,NA
"48","3","35",NA,NA,NA,NA,"4","12",NA,"174",NA,"S+I+","S",NA,NA,NA,"0","<http://www.purl.org/infection_trans#Swab>",NA,NA
"49","3","35",NA,NA,NA,NA,"10","12",NA,"180",NA,"S+I+","S",NA,NA,NA,"0","<http://www.purl.org/infection_trans#Swab>",NA,NA
"50","3","35",NA,NA,NA,NA,"4","9",NA,"129",NA,"Control","S",NA,NA,NA,"0","<http://www.purl.org/infection_trans#Swab>",NA,NA
"51","3","35",NA,NA,NA,NA,"0","11",NA,"154",NA,"S+","Inoculated",NA,NA,NA,"1","<http://www.purl.org/infection_trans#Swab>",NA,NA
"52","3","35",NA,NA,NA,NA,"3","12",NA,"173",NA,"S+I+","S",NA,NA,NA,"0","<http://www.purl.org/infection_trans#Swab>",NA,NA
"53","3","35",NA,NA,NA,NA,"7","11",NA,"162",NA,"S+","S",NA,NA,NA,"0","<http://www.purl.org/infection_trans#Swab>",NA,NA
"54","3","35",NA,NA,NA,NA,"1","12",NA,"171",NA,"S+I+","S",NA,NA,NA,"0","<http://www.purl.org/infection_trans#Swab>",NA,NA
"55","3","35",NA,NA,NA,NA,"0","9",NA,"125",NA,"Control","Inoculated",NA,NA,NA,"1","<http://www.purl.org/infection_trans#Swab>",NA,NA
"56","3","35",NA,NA,NA,NA,"8","12",NA,"178",NA,"S+I+","S",NA,NA,NA,"0","<http://www.purl.org/infection_trans#Swab>",NA,NA
"57","3","35",NA,NA,NA,NA,"0","11",NA,"155",NA,"S+","Inoculated",NA,NA,NA,"1","<http://www.purl.org/infection_trans#Swab>",NA,NA
"58","3","35",NA,NA,NA,NA,"0","11",NA,"151",NA,"S+","Inoculated",NA,NA,NA,"1","<http://www.purl.org/infection_trans#Swab>",NA,NA
"59","4","1",NA,NA,NA,NA,"0","13",NA,"185",NA,"Control","Inoculated",NA,NA,NA,"1","<http://www.purl.org/infection_trans#Swab>",NA,NA
"60","4","1",NA,NA,NA,NA,"0","14",NA,"200",NA,"I+","Inoculated",NA,NA,NA,"1","<http://www.purl.org/infection_trans#Swab>",NA,NA
"61","4","1",NA,NA,NA,NA,"0","15",NA,"215",NA,"S+","Inoculated",NA,NA,NA,"1","<http://www.purl.org/infection_trans#Swab>",NA,NA
"62","4","1",NA,NA,NA,NA,"0","16",NA,"230",NA,"S+I+","Inoculated",NA,NA,NA,"1","<http://www.purl.org/infection_trans#Swab>",NA,NA
"63","3","0",NA,NA,NA,NA,"0","9",NA,"122",NA,"Control","Inoculated",NA,NA,NA,"1","<http://www.purl.org/infection_trans#Swab>",NA,NA
"64","3","0",NA,NA,NA,NA,"8","11",NA,"163",NA,"S+","S",NA,NA,NA,"0","<http://www.purl.org/infection_trans#Swab>",NA,NA
"65","3","0",NA,NA,NA,NA,"0","11",NA,"151",NA,"S+","Inoculated",NA,NA,NA,"1","<http://www.purl.org/infection_trans#Swab>",NA,NA
"66","3","0",NA,NA,NA,NA,"9","11",NA,"164",NA,"S+","S",NA,NA,NA,"0","<http://www.purl.org/infection_trans#Swab>",NA,NA
"67","3","0",NA,NA,NA,NA,"2","9",NA,"127",NA,"Control","S",NA,NA,NA,"0","<http://www.purl.org/infection_trans#Swab>",NA,NA
"68","3","0",NA,NA,NA,NA,"3","12",NA,"173",NA,"S+I+","S",NA,NA,NA,"0","<http://www.purl.org/infection_trans#Swab>",NA,NA
"69","3","0",NA,NA,NA,NA,"6","9",NA,"131",NA,"Control","S",NA,NA,NA,"0","<http://www.purl.org/infection_trans#Swab>",NA,NA
"70","3","0",NA,NA,NA,NA,"0","9",NA,"121",NA,"Control","Inoculated",NA,NA,NA,"1","<http://www.purl.org/infection_trans#Swab>",NA,NA
"71","3","0",NA,NA,NA,NA,"4","10",NA,"144",NA,"I+","S",NA,NA,NA,"0","<http://www.purl.org/infection_trans#Swab>",NA,NA
"72","3","0",NA,NA,NA,NA,"2","12",NA,"172",NA,"S+I+","S",NA,NA,NA,"0","<http://www.purl.org/infection_trans#Swab>",NA,NA
"73","3","0",NA,NA,NA,NA,"10","10",NA,"150",NA,"I+","S",NA,NA,NA,"0","<http://www.purl.org/infection_trans#Swab>",NA,NA
"74","3","0",NA,NA,NA,NA,"0","11",NA,"152",NA,"S+","Inoculated",NA,NA,NA,"1","<http://www.purl.org/infection_trans#Swab>",NA,NA
"75","3","0",NA,NA,NA,NA,"0","10",NA,"136",NA,"I+","Inoculated",NA,NA,NA,"1","<http://www.purl.org/infection_trans#Swab>",NA,NA
"76","3","0",NA,NA,NA,NA,"6","10",NA,"146",NA,"I+","S",NA,NA,NA,"0","<http://www.purl.org/infection_trans#Swab>",NA,NA
"77","3","0",NA,NA,NA,NA,"7","12",NA,"177",NA,"S+I+","S",NA,NA,NA,"0","<http://www.purl.org/infection_trans#Swab>",NA,NA
"78","3","0",NA,NA,NA,NA,"5","12",NA,"175",NA,"S+I+","S",NA,NA,NA,"0","<http://www.purl.org/infection_trans#Swab>",NA,NA
"79","3","0",NA,NA,NA,NA,"3","10",NA,"143",NA,"I+","S",NA,NA,NA,"0","<http://www.purl.org/infection_trans#Swab>",NA,NA
"80","3","0",NA,NA,NA,NA,"4","11",NA,"159",NA,"S+","S",NA,NA,NA,"0","<http://www.purl.org/infection_trans#Swab>",NA,NA
"81","3","0",NA,NA,NA,NA,"2","10",NA,"142",NA,"I+","S",NA,NA,NA,"0","<http://www.purl.org/infection_trans#Swab>",NA,NA
"82","3","0",NA,NA,NA,NA,"0","12",NA,"167",NA,"S+I+","Inoculated",NA,NA,NA,"1","<http://www.purl.org/infection_trans#Swab>",NA,NA
"83","3","0",NA,NA,NA,NA,"0","12",NA,"166",NA,"S+I+","Inoculated",NA,NA,NA,"1","<http://www.purl.org/infection_trans#Swab>",NA,NA
"84","3","0",NA,NA,NA,NA,"9","10",NA,"149",NA,"I+","S",NA,NA,NA,"0","<http://www.purl.org/infection_trans#Swab>",NA,NA
"85","3","0",NA,NA,NA,NA,"1","12",NA,"171",NA,"S+I+","S",NA,NA,NA,"0","<http://www.purl.org/infection_trans#Swab>",NA,NA
"86","3","0",NA,NA,NA,NA,"10","9",NA,"135",NA,"Control","Sentinel",NA,NA,NA,"0","<http://www.purl.org/infection_trans#Swab>",NA,NA
"87","3","0",NA,NA,NA,NA,"5","11",NA,"160",NA,"S+","S",NA,NA,NA,"0","<http://www.purl.org/infection_trans#Swab>",NA,NA
"88","3","0",NA,NA,NA,NA,"5","9",NA,"130",NA,"Control","S",NA,NA,NA,"0","<http://www.purl.org/infection_trans#Swab>",NA,NA
"89","3","0",NA,NA,NA,NA,"6","11",NA,"161",NA,"S+","S",NA,NA,NA,"0","<http://www.purl.org/infection_trans#Swab>",NA,NA
"90","3","0",NA,NA,NA,NA,"7","9",NA,"132",NA,"Control","S",NA,NA,NA,"0","<http://www.purl.org/infection_trans#Swab>",NA,NA
"91","3","0",NA,NA,NA,NA,"6","12",NA,"176",NA,"S+I+","S",NA,NA,NA,"0","<http://www.purl.org/infection_trans#Swab>",NA,NA
"92","3","0",NA,NA,NA,NA,"0","9",NA,"123",NA,"Control","Inoculated",NA,NA,NA,"1","<http://www.purl.org/infection_trans#Swab>",NA,NA
"93","3","0",NA,NA,NA,NA,"7","11",NA,"162",NA,"S+","S",NA,NA,NA,"0","<http://www.purl.org/infection_trans#Swab>",NA,NA
"94","3","0",NA,NA,NA,NA,"0","12",NA,"169",NA,"S+I+","Inoculated",NA,NA,NA,"1","<http://www.purl.org/infection_trans#Swab>",NA,NA
"95","3","0",NA,NA,NA,NA,"7","10",NA,"147",NA,"I+","S",NA,NA,NA,"0","<http://www.purl.org/infection_trans#Swab>",NA,NA
"96","3","0",NA,NA,NA,NA,"0","12",NA,"168",NA,"S+I+","Inoculated",NA,NA,NA,"1","<http://www.purl.org/infection_trans#Swab>",NA,NA
"97","3","0",NA,NA,NA,NA,"8","12",NA,"178",NA,"S+I+","S",NA,NA,NA,"0","<http://www.purl.org/infection_trans#Swab>",NA,NA
"98","3","0",NA,NA,NA,NA,"0","10",NA,"137",NA,"I+","Inoculated",NA,NA,NA,"1","<http://www.purl.org/infection_trans#Swab>",NA,NA
"99","3","0",NA,NA,NA,NA,"0","11",NA,"153",NA,"S+","Inoculated",NA,NA,NA,"1","<http://www.purl.org/infection_trans#Swab>",NA,NA
"100","3","0",NA,NA,NA,NA,"3","11",NA,"158",NA,"S+","S",NA,NA,NA,"0","<http://www.purl.org/infection_trans#Swab>",NA,NA
"101","3","0",NA,NA,NA,NA,"8","9",NA,"133",NA,"Control","Sentinel",NA,NA,NA,"0","<http://www.purl.org/infection_trans#Swab>",NA,NA
"102","3","0",NA,NA,NA,NA,"9","12",NA,"179",NA,"S+I+","S",NA,NA,NA,"0","<http://www.purl.org/infection_trans#Swab>",NA,NA
"103","3","0",NA,NA,NA,NA,"1","9",NA,"126",NA,"Control","S",NA,NA,NA,"0","<http://www.purl.org/infection_trans#Swab>",NA,NA
"104","3","0",NA,NA,NA,NA,"10","11",NA,"165",NA,"S+","S",NA,NA,NA,"0","<http://www.purl.org/infection_trans#Swab>",NA,NA
"105","3","0",NA,NA,NA,NA,"1","10",NA,"141",NA,"I+","S",NA,NA,NA,"0","<http://www.purl.org/infection_trans#Swab>",NA,NA
"106","3","0",NA,NA,NA,NA,"0","11",NA,"154",NA,"S+","Inoculated",NA,NA,NA,"1","<http://www.purl.org/infection_trans#Swab>",NA,NA
"107","3","0",NA,NA,NA,NA,"9","9",NA,"134",NA,"Control","S",NA,NA,NA,"0","<http://www.purl.org/infection_trans#Swab>",NA,NA
"108","3","0",NA,NA,NA,NA,"0","9",NA,"124",NA,"Control","Inoculated",NA,NA,NA,"1","<http://www.purl.org/infection_trans#Swab>",NA,NA
"109","3","0",NA,NA,NA,NA,"10","12",NA,"180",NA,"S+I+","S",NA,NA,NA,"0","<http://www.purl.org/infection_trans#Swab>",NA,NA
"110","3","0",NA,NA,NA,NA,"5","10",NA,"145",NA,"I+","S",NA,NA,NA,"0","<http://www.purl.org/infection_trans#Swab>",NA,NA
"111","3","0",NA,NA,NA,NA,"0","10",NA,"139",NA,"I+","Inoculated",NA,NA,NA,"1","<http://www.purl.org/infection_trans#Swab>",NA,NA
"112","3","0",NA,NA,NA,NA,"8","10",NA,"148",NA,"I+","S",NA,NA,NA,"0","<http://www.purl.org/infection_trans#Swab>",NA,NA
"113","3","0",NA,NA,NA,NA,"3","9",NA,"128",NA,"Control","S",NA,NA,NA,"0","<http://www.purl.org/infection_trans#Swab>",NA,NA
"114","3","0",NA,NA,NA,NA,"2","11",NA,"157",NA,"S+","S",NA,NA,NA,"0","<http://www.purl.org/infection_trans#Swab>",NA,NA
"115","3","0",NA,NA,NA,NA,"1","11",NA,"156",NA,"S+","S",NA,NA,NA,"0","<http://www.purl.org/infection_trans#Swab>",NA,NA
"116","3","0",NA,NA,NA,NA,"0","10",NA,"138",NA,"I+","Inoculated",NA,NA,NA,"1","<http://www.purl.org/infection_trans#Swab>",NA,NA
"117","3","0",NA,NA,NA,NA,"4","9",NA,"129",NA,"Control","S",NA,NA,NA,"0","<http://www.purl.org/infection_trans#Swab>",NA,NA
"118","3","0",NA,NA,NA,NA,"4","12",NA,"174",NA,"S+I+","S",NA,NA,NA,"0","<http://www.purl.org/infection_trans#Swab>",NA,NA
"119","1","10",NA,NA,NA,NA,"3","2",NA,"23",NA,"I+","Sentinel",NA,NA,NA,"1","<http://www.purl.org/infection_trans#Swab>",NA,NA
"120","1","23",NA,NA,NA,NA,"6","1",NA,"11",NA,"Control","Sentinel",NA,NA,NA,"1","<http://www.purl.org/infection_trans#Swab>",NA,NA
"121","1","2",NA,NA,NA,NA,"0","3",NA,"35",NA,"S+","Inoculated",NA,NA,NA,"1","<http://www.purl.org/infection_trans#Swab>",NA,NA
"122","4","24",NA,NA,NA,NA,"10","15",NA,"225",NA,"S+","Sentinel",NA,NA,NA,"1","<http://www.purl.org/infection_trans#Swab>",NA,NA
"123","4","0",NA,NA,NA,NA,"7","15",NA,"222",NA,"S+","S",NA,NA,NA,"0","<http://www.purl.org/infection_trans#Swab>",NA,NA
"124","4","0",NA,NA,NA,NA,"0","15",NA,"214",NA,"S+","Inoculated",NA,NA,NA,"1","<http://www.purl.org/infection_trans#Swab>",NA,NA
"125","4","0",NA,NA,NA,NA,"6","15",NA,"221",NA,"S+","S",NA,NA,NA,"0","<http://www.purl.org/infection_trans#Swab>",NA,NA
"126","4","0",NA,NA,NA,NA,"2","15",NA,"217",NA,"S+","S",NA,NA,NA,"0","<http://www.purl.org/infection_trans#Swab>",NA,NA
"127","4","0",NA,NA,NA,NA,"0","13",NA,"182",NA,"Control","Inoculated",NA,NA,NA,"1","<http://www.purl.org/infection_trans#Swab>",NA,NA
"128","4","0",NA,NA,NA,NA,"0","14",NA,"198",NA,"I+","Inoculated",NA,NA,NA,"1","<http://www.purl.org/infection_trans#Swab>",NA,NA
"129","4","0",NA,NA,NA,NA,"0","14",NA,"199",NA,"I+","Inoculated",NA,NA,NA,"1","<http://www.purl.org/infection_trans#Swab>",NA,NA
"130","4","0",NA,NA,NA,NA,"10","16",NA,"240",NA,"S+I+","S",NA,NA,NA,"1","<http://www.purl.org/infection_trans#Swab>",NA,NA
"131","4","0",NA,NA,NA,NA,"9","16",NA,"239",NA,"S+I+","S",NA,NA,NA,"1","<http://www.purl.org/infection_trans#Swab>",NA,NA
"132","4","0",NA,NA,NA,NA,"0","16",NA,"227",NA,"S+I+","Inoculated",NA,NA,NA,"1","<http://www.purl.org/infection_trans#Swab>",NA,NA
"133","4","0",NA,NA,NA,NA,"5","15",NA,"220",NA,"S+","S",NA,NA,NA,"0","<http://www.purl.org/infection_trans#Swab>",NA,NA
"134","4","0",NA,NA,NA,NA,"0","13",NA,"181",NA,"Control","Inoculated",NA,NA,NA,"1","<http://www.purl.org/infection_trans#Swab>",NA,NA
"135","4","0",NA,NA,NA,NA,"0","16",NA,"229",NA,"S+I+","Inoculated",NA,NA,NA,"1","<http://www.purl.org/infection_trans#Swab>",NA,NA
"136","4","0",NA,NA,NA,NA,"0","14",NA,"196",NA,"I+","Inoculated",NA,NA,NA,"1","<http://www.purl.org/infection_trans#Swab>",NA,NA
"137","4","0",NA,NA,NA,NA,"7","13",NA,"192",NA,"Control","S",NA,NA,NA,"0","<http://www.purl.org/infection_trans#Swab>",NA,NA
"138","4","0",NA,NA,NA,NA,"4","15",NA,"219",NA,"S+","S",NA,NA,NA,"0","<http://www.purl.org/infection_trans#Swab>",NA,NA
"139","4","0",NA,NA,NA,NA,"10","14",NA,"210",NA,"I+","S",NA,NA,NA,"0","<http://www.purl.org/infection_trans#Swab>",NA,NA
"140","4","0",NA,NA,NA,NA,"2","14",NA,"202",NA,"I+","Sentinel",NA,NA,NA,"0","<http://www.purl.org/infection_trans#Swab>",NA,NA
"141","4","0",NA,NA,NA,NA,"0","13",NA,"183",NA,"Control","Inoculated",NA,NA,NA,"1","<http://www.purl.org/infection_trans#Swab>",NA,NA
"142","4","0",NA,NA,NA,NA,"0","14",NA,"197",NA,"I+","Inoculated",NA,NA,NA,"1","<http://www.purl.org/infection_trans#Swab>",NA,NA
"143","4","0",NA,NA,NA,NA,"7","14",NA,"207",NA,"I+","S",NA,NA,NA,"0","<http://www.purl.org/infection_trans#Swab>",NA,NA
"144","4","0",NA,NA,NA,NA,"4","16",NA,"234",NA,"S+I+","S",NA,NA,NA,"1","<http://www.purl.org/infection_trans#Swab>",NA,NA
"145","4","0",NA,NA,NA,NA,"3","14",NA,"203",NA,"I+","S",NA,NA,NA,"0","<http://www.purl.org/infection_trans#Swab>",NA,NA
"146","4","0",NA,NA,NA,NA,"8","16",NA,"238",NA,"S+I+","S",NA,NA,NA,"1","<http://www.purl.org/infection_trans#Swab>",NA,NA
"147","4","0",NA,NA,NA,NA,"8","14",NA,"208",NA,"I+","S",NA,NA,NA,"0","<http://www.purl.org/infection_trans#Swab>",NA,NA
"148","4","0",NA,NA,NA,NA,"5","16",NA,"235",NA,"S+I+","S",NA,NA,NA,"1","<http://www.purl.org/infection_trans#Swab>",NA,NA
"149","4","0",NA,NA,NA,NA,"1","16",NA,"231",NA,"S+I+","S",NA,NA,NA,"1","<http://www.purl.org/infection_trans#Swab>",NA,NA
"150","4","0",NA,NA,NA,NA,"8","13",NA,"193",NA,"Control","S",NA,NA,NA,"0","<http://www.purl.org/infection_trans#Swab>",NA,NA
"151","4","0",NA,NA,NA,NA,"4","13",NA,"189",NA,"Control","S",NA,NA,NA,"0","<http://www.purl.org/infection_trans#Swab>",NA,NA
"152","4","0",NA,NA,NA,NA,"4","14",NA,"204",NA,"I+","S",NA,NA,NA,"0","<http://www.purl.org/infection_trans#Swab>",NA,NA
"153","4","0",NA,NA,NA,NA,"6","14",NA,"206",NA,"I+","S",NA,NA,NA,"0","<http://www.purl.org/infection_trans#Swab>",NA,NA
"154","4","0",NA,NA,NA,NA,"0","15",NA,"212",NA,"S+","Inoculated",NA,NA,NA,"1","<http://www.purl.org/infection_trans#Swab>",NA,NA
"155","4","0",NA,NA,NA,NA,"5","14",NA,"205",NA,"I+","Sentinel",NA,NA,NA,"0","<http://www.purl.org/infection_trans#Swab>",NA,NA
"156","4","0",NA,NA,NA,NA,"3","16",NA,"233",NA,"S+I+","S",NA,NA,NA,"1","<http://www.purl.org/infection_trans#Swab>",NA,NA
"157","4","0",NA,NA,NA,NA,"6","16",NA,"236",NA,"S+I+","S",NA,NA,NA,"1","<http://www.purl.org/infection_trans#Swab>",NA,NA
"158","4","0",NA,NA,NA,NA,"0","13",NA,"184",NA,"Control","Inoculated",NA,NA,NA,"1","<http://www.purl.org/infection_trans#Swab>",NA,NA
"159","4","0",NA,NA,NA,NA,"9","13",NA,"194",NA,"Control","S",NA,NA,NA,"0","<http://www.purl.org/infection_trans#Swab>",NA,NA
"160","4","0",NA,NA,NA,NA,"8","15",NA,"223",NA,"S+","S",NA,NA,NA,"0","<http://www.purl.org/infection_trans#Swab>",NA,NA
"161","4","0",NA,NA,NA,NA,"9","15",NA,"224",NA,"S+","S",NA,NA,NA,"0","<http://www.purl.org/infection_trans#Swab>",NA,NA
"162","4","0",NA,NA,NA,NA,"5","13",NA,"190",NA,"Control","S",NA,NA,NA,"0","<http://www.purl.org/infection_trans#Swab>",NA,NA
"163","4","0",NA,NA,NA,NA,"1","13",NA,"186",NA,"Control","S",NA,NA,NA,"0","<http://www.purl.org/infection_trans#Swab>",NA,NA
"164","4","0",NA,NA,NA,NA,"6","13",NA,"191",NA,"Control","S",NA,NA,NA,"0","<http://www.purl.org/infection_trans#Swab>",NA,NA
"165","4","0",NA,NA,NA,NA,"10","13",NA,"195",NA,"Control","S",NA,NA,NA,"0","<http://www.purl.org/infection_trans#Swab>",NA,NA
"166","4","0",NA,NA,NA,NA,"0","16",NA,"228",NA,"S+I+","Inoculated",NA,NA,NA,"1","<http://www.purl.org/infection_trans#Swab>",NA,NA
"167","4","0",NA,NA,NA,NA,"7","16",NA,"237",NA,"S+I+","S",NA,NA,NA,"1","<http://www.purl.org/infection_trans#Swab>",NA,NA
"168","4","0",NA,NA,NA,NA,"0","16",NA,"226",NA,"S+I+","Inoculated",NA,NA,NA,"1","<http://www.purl.org/infection_trans#Swab>",NA,NA
"169","4","0",NA,NA,NA,NA,"3","13",NA,"188",NA,"Control","S",NA,NA,NA,"0","<http://www.purl.org/infection_trans#Swab>",NA,NA
"170","4","0",NA,NA,NA,NA,"0","15",NA,"211",NA,"S+","Inoculated",NA,NA,NA,"1","<http://www.purl.org/infection_trans#Swab>",NA,NA
"171","4","0",NA,NA,NA,NA,"1","14",NA,"201",NA,"I+","S",NA,NA,NA,"0","<http://www.purl.org/infection_trans#Swab>",NA,NA
"172","4","0",NA,NA,NA,NA,"10","15",NA,"225",NA,"S+","Sentinel",NA,NA,NA,"0","<http://www.purl.org/infection_trans#Swab>",NA,NA
"173","4","0",NA,NA,NA,NA,"2","16",NA,"232",NA,"S+I+","S",NA,NA,NA,"1","<http://www.purl.org/infection_trans#Swab>",NA,NA
"174","4","0",NA,NA,NA,NA,"2","13",NA,"187",NA,"Control","S",NA,NA,NA,"0","<http://www.purl.org/infection_trans#Swab>",NA,NA
"175","4","0",NA,NA,NA,NA,"0","15",NA,"213",NA,"S+","Inoculated",NA,NA,NA,"1","<http://www.purl.org/infection_trans#Swab>",NA,NA
"176","4","0",NA,NA,NA,NA,"3","15",NA,"218",NA,"S+","S",NA,NA,NA,"0","<http://www.purl.org/infection_trans#Swab>",NA,NA
"177","4","0",NA,NA,NA,NA,"9","14",NA,"209",NA,"I+","S",NA,NA,NA,"0","<http://www.purl.org/infection_trans#Swab>",NA,NA
"178","4","0",NA,NA,NA,NA,"1","15",NA,"216",NA,"S+","S",NA,NA,NA,"0","<http://www.purl.org/infection_trans#Swab>",NA,NA
"179","1","1",NA,NA,NA,NA,"0","3",NA,"33",NA,"S+","Inoculated",NA,NA,NA,"1","<http://www.purl.org/infection_trans#Swab>",NA,NA
"180","1","1",NA,NA,NA,NA,"0","2",NA,"20",NA,"I+","Inoculated",NA,NA,NA,"1","<http://www.purl.org/infection_trans#Swab>",NA,NA
"181","1","1",NA,NA,NA,NA,"0","3",NA,"34",NA,"S+","Inoculated",NA,NA,NA,"1","<http://www.purl.org/infection_trans#Swab>",NA,NA
"182","1","1",NA,NA,NA,NA,"0","4",NA,"50",NA,"S+I+","Inoculated",NA,NA,NA,"1","<http://www.purl.org/infection_trans#Swab>",NA,NA
"183","1","1",NA,NA,NA,NA,"0","1",NA,"5",NA,"Control","Inoculated",NA,NA,NA,"1","<http://www.purl.org/infection_trans#Swab>",NA,NA
"184","3","28",NA,NA,NA,NA,"10","9",NA,"135",NA,"Control","Sentinel",NA,NA,NA,"1","<http://www.purl.org/infection_trans#Swab>",NA,NA
"185","2","16",NA,NA,NA,NA,"6","8",NA,"116",NA,"S+I+","Sentinel",NA,NA,NA,"1","<http://www.purl.org/infection_trans#Swab>",NA,NA
"186","2","34",NA,NA,NA,NA,"5","8",NA,"115",NA,"S+I+","Sentinel",NA,NA,NA,"1","<http://www.purl.org/infection_trans#Swab>",NA,NA
"187","2","35",NA,NA,NA,NA,"7","6",NA,"87",NA,"I+","S",NA,NA,NA,"0","<http://www.purl.org/infection_trans#Swab>",NA,NA
"188","2","35",NA,NA,NA,NA,"8","5",NA,"73",NA,"Control","S",NA,NA,NA,"0","<http://www.purl.org/infection_trans#Swab>",NA,NA
"189","2","35",NA,NA,NA,NA,"1","6",NA,"81",NA,"I+","S",NA,NA,NA,"0","<http://www.purl.org/infection_trans#Swab>",NA,NA
"190","2","35",NA,NA,NA,NA,"3","6",NA,"83",NA,"I+","S",NA,NA,NA,"0","<http://www.purl.org/infection_trans#Swab>",NA,NA
"191","2","35",NA,NA,NA,NA,"7","7",NA,"102",NA,"S+","S",NA,NA,NA,"0","<http://www.purl.org/infection_trans#Swab>",NA,NA
"192","2","35",NA,NA,NA,NA,"2","5",NA,"67",NA,"Control","S",NA,NA,NA,"0","<http://www.purl.org/infection_trans#Swab>",NA,NA
"193","2","35",NA,NA,NA,NA,"0","5",NA,"65",NA,"Control","Inoculated",NA,NA,NA,"1","<http://www.purl.org/infection_trans#Swab>",NA,NA
"194","2","35",NA,NA,NA,NA,"9","6",NA,"89",NA,"I+","S",NA,NA,NA,"0","<http://www.purl.org/infection_trans#Swab>",NA,NA
"195","2","35",NA,NA,NA,NA,"0","8",NA,"109",NA,"S+I+","Inoculated",NA,NA,NA,"1","<http://www.purl.org/infection_trans#Swab>",NA,NA
"196","2","35",NA,NA,NA,NA,"0","6",NA,"76",NA,"I+","Inoculated",NA,NA,NA,"1","<http://www.purl.org/infection_trans#Swab>",NA,NA
"197","2","35",NA,NA,NA,NA,"0","6",NA,"79",NA,"I+","Inoculated",NA,NA,NA,"1","<http://www.purl.org/infection_trans#Swab>",NA,NA
"198","2","35",NA,NA,NA,NA,"4","6",NA,"84",NA,"I+","S",NA,NA,NA,"0","<http://www.purl.org/infection_trans#Swab>",NA,NA
"199","2","35",NA,NA,NA,NA,"5","5",NA,"70",NA,"Control","S",NA,NA,NA,"0","<http://www.purl.org/infection_trans#Swab>",NA,NA
"200","2","35",NA,NA,NA,NA,"0","8",NA,"110",NA,"S+I+","Inoculated",NA,NA,NA,"1","<http://www.purl.org/infection_trans#Swab>",NA,NA
"201","2","35",NA,NA,NA,NA,"5","6",NA,"85",NA,"I+","S",NA,NA,NA,"0","<http://www.purl.org/infection_trans#Swab>",NA,NA
"202","2","35",NA,NA,NA,NA,"0","6",NA,"78",NA,"I+","Inoculated",NA,NA,NA,"1","<http://www.purl.org/infection_trans#Swab>",NA,NA
"203","2","35",NA,NA,NA,NA,"1","5",NA,"66",NA,"Control","S",NA,NA,NA,"0","<http://www.purl.org/infection_trans#Swab>",NA,NA
"204","2","35",NA,NA,NA,NA,"6","6",NA,"86",NA,"I+","S",NA,NA,NA,"0","<http://www.purl.org/infection_trans#Swab>",NA,NA
"205","2","35",NA,NA,NA,NA,"9","8",NA,"119",NA,"S+I+","S",NA,NA,NA,"0","<http://www.purl.org/infection_trans#Swab>",NA,NA
"206","2","35",NA,NA,NA,NA,"4","8",NA,"114",NA,"S+I+","S",NA,NA,NA,"0","<http://www.purl.org/infection_trans#Swab>",NA,NA
"207","2","35",NA,NA,NA,NA,"8","7",NA,"103",NA,"S+","S",NA,NA,NA,"0","<http://www.purl.org/infection_trans#Swab>",NA,NA
"208","2","35",NA,NA,NA,NA,"9","7",NA,"104",NA,"S+","S",NA,NA,NA,"0","<http://www.purl.org/infection_trans#Swab>",NA,NA
"209","2","35",NA,NA,NA,NA,"4","7",NA,"99",NA,"S+","S",NA,NA,NA,"0","<http://www.purl.org/infection_trans#Swab>",NA,NA
"210","2","35",NA,NA,NA,NA,"0","7",NA,"95",NA,"S+","Inoculated",NA,NA,NA,"1","<http://www.purl.org/infection_trans#Swab>",NA,NA
"211","2","35",NA,NA,NA,NA,"0","5",NA,"63",NA,"Control","Inoculated",NA,NA,NA,"1","<http://www.purl.org/infection_trans#Swab>",NA,NA
"212","2","35",NA,NA,NA,NA,"2","6",NA,"82",NA,"I+","S",NA,NA,NA,"0","<http://www.purl.org/infection_trans#Swab>",NA,NA
"213","2","35",NA,NA,NA,NA,"10","8",NA,"120",NA,"S+I+","S",NA,NA,NA,"0","<http://www.purl.org/infection_trans#Swab>",NA,NA
"214","2","35",NA,NA,NA,NA,"0","8",NA,"106",NA,"S+I+","Inoculated",NA,NA,NA,"1","<http://www.purl.org/infection_trans#Swab>",NA,NA
"215","2","35",NA,NA,NA,NA,"2","8",NA,"112",NA,"S+I+","S",NA,NA,NA,"0","<http://www.purl.org/infection_trans#Swab>",NA,NA
"216","2","35",NA,NA,NA,NA,"9","5",NA,"74",NA,"Control","S",NA,NA,NA,"0","<http://www.purl.org/infection_trans#Swab>",NA,NA
"217","2","35",NA,NA,NA,NA,"2","7",NA,"97",NA,"S+","S",NA,NA,NA,"0","<http://www.purl.org/infection_trans#Swab>",NA,NA
"218","2","35",NA,NA,NA,NA,"8","6",NA,"88",NA,"I+","S",NA,NA,NA,"0","<http://www.purl.org/infection_trans#Swab>",NA,NA
"219","2","35",NA,NA,NA,NA,"1","8",NA,"111",NA,"S+I+","S",NA,NA,NA,"0","<http://www.purl.org/infection_trans#Swab>",NA,NA
"220","2","35",NA,NA,NA,NA,"3","5",NA,"68",NA,"Control","S",NA,NA,NA,"0","<http://www.purl.org/infection_trans#Swab>",NA,NA
"221","2","35",NA,NA,NA,NA,"1","7",NA,"96",NA,"S+","S",NA,NA,NA,"0","<http://www.purl.org/infection_trans#Swab>",NA,NA
"222","2","35",NA,NA,NA,NA,"0","6",NA,"80",NA,"I+","Inoculated",NA,NA,NA,"1","<http://www.purl.org/infection_trans#Swab>",NA,NA
"223","2","35",NA,NA,NA,NA,"10","5",NA,"75",NA,"Control","S",NA,NA,NA,"0","<http://www.purl.org/infection_trans#Swab>",NA,NA
"224","2","35",NA,NA,NA,NA,"0","7",NA,"94",NA,"S+","Inoculated",NA,NA,NA,"1","<http://www.purl.org/infection_trans#Swab>",NA,NA
"225","2","35",NA,NA,NA,NA,"3","8",NA,"113",NA,"S+I+","S",NA,NA,NA,"0","<http://www.purl.org/infection_trans#Swab>",NA,NA
"226","2","35",NA,NA,NA,NA,"0","5",NA,"64",NA,"Control","Inoculated",NA,NA,NA,"1","<http://www.purl.org/infection_trans#Swab>",NA,NA
"227","2","35",NA,NA,NA,NA,"0","8",NA,"107",NA,"S+I+","Inoculated",NA,NA,NA,"1","<http://www.purl.org/infection_trans#Swab>",NA,NA
"228","2","35",NA,NA,NA,NA,"0","7",NA,"91",NA,"S+","Inoculated",NA,NA,NA,"1","<http://www.purl.org/infection_trans#Swab>",NA,NA
"229","2","35",NA,NA,NA,NA,"7","8",NA,"117",NA,"S+I+","S",NA,NA,NA,"0","<http://www.purl.org/infection_trans#Swab>",NA,NA
"230","2","35",NA,NA,NA,NA,"0","8",NA,"108",NA,"S+I+","Inoculated",NA,NA,NA,"1","<http://www.purl.org/infection_trans#Swab>",NA,NA
"231","2","35",NA,NA,NA,NA,"0","7",NA,"92",NA,"S+","Inoculated",NA,NA,NA,"1","<http://www.purl.org/infection_trans#Swab>",NA,NA
"232","2","35",NA,NA,NA,NA,"0","5",NA,"61",NA,"Control","Inoculated",NA,NA,NA,"1","<http://www.purl.org/infection_trans#Swab>",NA,NA
"233","2","35",NA,NA,NA,NA,"10","7",NA,"105",NA,"S+","S",NA,NA,NA,"0","<http://www.purl.org/infection_trans#Swab>",NA,NA
"234","2","35",NA,NA,NA,NA,"0","6",NA,"77",NA,"I+","Inoculated",NA,NA,NA,"1","<http://www.purl.org/infection_trans#Swab>",NA,NA
"235","2","35",NA,NA,NA,NA,"8","8",NA,"118",NA,"S+I+","S",NA,NA,NA,"0","<http://www.purl.org/infection_trans#Swab>",NA,NA
"236","2","35",NA,NA,NA,NA,"0","5",NA,"62",NA,"Control","Inoculated",NA,NA,NA,"1","<http://www.purl.org/infection_trans#Swab>",NA,NA
"237","2","35",NA,NA,NA,NA,"5","7",NA,"100",NA,"S+","S",NA,NA,NA,"0","<http://www.purl.org/infection_trans#Swab>",NA,NA
"238","2","35",NA,NA,NA,NA,"6","7",NA,"101",NA,"S+","S",NA,NA,NA,"0","<http://www.purl.org/infection_trans#Swab>",NA,NA
"239","2","35",NA,NA,NA,NA,"0","7",NA,"93",NA,"S+","Inoculated",NA,NA,NA,"1","<http://www.purl.org/infection_trans#Swab>",NA,NA
"240","2","35",NA,NA,NA,NA,"10","6",NA,"90",NA,"I+","S",NA,NA,NA,"0","<http://www.purl.org/infection_trans#Swab>",NA,NA
"241","2","35",NA,NA,NA,NA,"6","5",NA,"71",NA,"Control","S",NA,NA,NA,"0","<http://www.purl.org/infection_trans#Swab>",NA,NA
"242","1","20",NA,NA,NA,NA,"1","1",NA,"6",NA,"Control","S",NA,NA,NA,"0","<http://www.purl.org/infection_trans#Swab>",NA,NA
"243","3","1",NA,NA,NA,NA,"0","9",NA,"125",NA,"Control","Inoculated",NA,NA,NA,"1","<http://www.purl.org/infection_trans#Swab>",NA,NA
"244","3","1",NA,NA,NA,NA,"0","10",NA,"140",NA,"I+","Inoculated",NA,NA,NA,"1","<http://www.purl.org/infection_trans#Swab>",NA,NA
"245","3","1",NA,NA,NA,NA,"0","11",NA,"155",NA,"S+","Inoculated",NA,NA,NA,"1","<http://www.purl.org/infection_trans#Swab>",NA,NA
"246","3","1",NA,NA,NA,NA,"0","12",NA,"170",NA,"S+I+","Inoculated",NA,NA,NA,"1","<http://www.purl.org/infection_trans#Swab>",NA,NA
"247","3","3",NA,NA,NA,NA,"8","9",NA,"133",NA,"Control","Sentinel",NA,NA,NA,"1","<http://www.purl.org/infection_trans#Swab>",NA,NA
"248","4","21",NA,NA,NA,NA,"1","15",NA,"216",NA,"S+","S",NA,NA,NA,"0","<http://www.purl.org/infection_trans#Swab>",NA,NA
"249","1","35",NA,NA,NA,NA,"0","4",NA,"46",NA,"S+I+","Inoculated",NA,NA,NA,"1","<http://www.purl.org/infection_trans#Swab>",NA,NA
"250","1","35",NA,NA,NA,NA,"5","4",NA,"55",NA,"S+I+","S",NA,NA,NA,"0","<http://www.purl.org/infection_trans#Swab>",NA,NA
"251","1","35",NA,NA,NA,NA,"9","3",NA,"44",NA,"S+","S",NA,NA,NA,"0","<http://www.purl.org/infection_trans#Swab>",NA,NA
"252","1","35",NA,NA,NA,NA,"0","1",NA,"3",NA,"Control","Inoculated",NA,NA,NA,"1","<http://www.purl.org/infection_trans#Swab>",NA,NA
"253","1","35",NA,NA,NA,NA,"6","3",NA,"41",NA,"S+","S",NA,NA,NA,"0","<http://www.purl.org/infection_trans#Swab>",NA,NA
"254","1","35",NA,NA,NA,NA,"5","3",NA,"40",NA,"S+","S",NA,NA,NA,"0","<http://www.purl.org/infection_trans#Swab>",NA,NA
"255","1","35",NA,NA,NA,NA,"10","4",NA,"60",NA,"S+I+","S",NA,NA,NA,"0","<http://www.purl.org/infection_trans#Swab>",NA,NA
"256","1","35",NA,NA,NA,NA,"0","1",NA,"4",NA,"Control","Inoculated",NA,NA,NA,"1","<http://www.purl.org/infection_trans#Swab>",NA,NA
"257","1","35",NA,NA,NA,NA,"9","2",NA,"29",NA,"I+","S",NA,NA,NA,"0","<http://www.purl.org/infection_trans#Swab>",NA,NA
"258","1","35",NA,NA,NA,NA,"8","3",NA,"43",NA,"S+","S",NA,NA,NA,"0","<http://www.purl.org/infection_trans#Swab>",NA,NA
"259","1","35",NA,NA,NA,NA,"3","3",NA,"38",NA,"S+","S",NA,NA,NA,"0","<http://www.purl.org/infection_trans#Swab>",NA,NA
"260","1","35",NA,NA,NA,NA,"6","4",NA,"56",NA,"S+I+","S",NA,NA,NA,"0","<http://www.purl.org/infection_trans#Swab>",NA,NA
"261","1","35",NA,NA,NA,NA,"10","3",NA,"45",NA,"S+","S",NA,NA,NA,"0","<http://www.purl.org/infection_trans#Swab>",NA,NA
"262","1","35",NA,NA,NA,NA,"1","3",NA,"36",NA,"S+","S",NA,NA,NA,"0","<http://www.purl.org/infection_trans#Swab>",NA,NA
"263","1","35",NA,NA,NA,NA,"7","2",NA,"27",NA,"I+","S",NA,NA,NA,"0","<http://www.purl.org/infection_trans#Swab>",NA,NA
"264","1","35",NA,NA,NA,NA,"0","4",NA,"50",NA,"S+I+","Inoculated",NA,NA,NA,"1","<http://www.purl.org/infection_trans#Swab>",NA,NA
"265","1","35",NA,NA,NA,NA,"8","1",NA,"13",NA,"Control","S",NA,NA,NA,"0","<http://www.purl.org/infection_trans#Swab>",NA,NA
"266","1","35",NA,NA,NA,NA,"7","4",NA,"57",NA,"S+I+","Sentinel",NA,NA,NA,"1","<http://www.purl.org/infection_trans#Swab>",NA,NA
"267","1","35",NA,NA,NA,NA,"3","4",NA,"53",NA,"S+I+","S",NA,NA,NA,"0","<http://www.purl.org/infection_trans#Swab>",NA,NA
"268","1","35",NA,NA,NA,NA,"0","2",NA,"16",NA,"I+","Inoculated",NA,NA,NA,"1","<http://www.purl.org/infection_trans#Swab>",NA,NA
"269","1","35",NA,NA,NA,NA,"0","2",NA,"19",NA,"I+","Inoculated",NA,NA,NA,"1","<http://www.purl.org/infection_trans#Swab>",NA,NA
"270","1","35",NA,NA,NA,NA,"0","1",NA,"5",NA,"Control","Inoculated",NA,NA,NA,"1","<http://www.purl.org/infection_trans#Swab>",NA,NA
"271","1","35",NA,NA,NA,NA,"0","2",NA,"20",NA,"I+","Inoculated",NA,NA,NA,"1","<http://www.purl.org/infection_trans#Swab>",NA,NA
"272","1","35",NA,NA,NA,NA,"0","3",NA,"33",NA,"S+","Inoculated",NA,NA,NA,"1","<http://www.purl.org/infection_trans#Swab>",NA,NA
"273","1","35",NA,NA,NA,NA,"4","2",NA,"24",NA,"I+","S",NA,NA,NA,"0","<http://www.purl.org/infection_trans#Swab>",NA,NA
"274","1","35",NA,NA,NA,NA,"2","4",NA,"52",NA,"S+I+","S",NA,NA,NA,"0","<http://www.purl.org/infection_trans#Swab>",NA,NA
"275","1","35",NA,NA,NA,NA,"0","3",NA,"31",NA,"S+","Inoculated",NA,NA,NA,"1","<http://www.purl.org/infection_trans#Swab>",NA,NA
"276","1","35",NA,NA,NA,NA,"0","4",NA,"49",NA,"S+I+","Inoculated",NA,NA,NA,"1","<http://www.purl.org/infection_trans#Swab>",NA,NA
"277","1","35",NA,NA,NA,NA,"9","4",NA,"59",NA,"S+I+","S",NA,NA,NA,"0","<http://www.purl.org/infection_trans#Swab>",NA,NA
"278","1","35",NA,NA,NA,NA,"0","4",NA,"48",NA,"S+I+","Inoculated",NA,NA,NA,"1","<http://www.purl.org/infection_trans#Swab>",NA,NA
"279","1","35",NA,NA,NA,NA,"5","2",NA,"25",NA,"I+","S",NA,NA,NA,"0","<http://www.purl.org/infection_trans#Swab>",NA,NA
"280","1","35",NA,NA,NA,NA,"7","3",NA,"42",NA,"S+","S",NA,NA,NA,"0","<http://www.purl.org/infection_trans#Swab>",NA,NA
"281","1","35",NA,NA,NA,NA,"4","4",NA,"54",NA,"S+I+","S",NA,NA,NA,"0","<http://www.purl.org/infection_trans#Swab>",NA,NA
"282","1","35",NA,NA,NA,NA,"0","1",NA,"2",NA,"Control","Inoculated",NA,NA,NA,"1","<http://www.purl.org/infection_trans#Swab>",NA,NA
"283","1","35",NA,NA,NA,NA,"0","2",NA,"17",NA,"I+","Inoculated",NA,NA,NA,"1","<http://www.purl.org/infection_trans#Swab>",NA,NA
"284","1","35",NA,NA,NA,NA,"0","3",NA,"32",NA,"S+","Inoculated",NA,NA,NA,"1","<http://www.purl.org/infection_trans#Swab>",NA,NA
"285","1","35",NA,NA,NA,NA,"6","2",NA,"26",NA,"I+","S",NA,NA,NA,"0","<http://www.purl.org/infection_trans#Swab>",NA,NA
"286","1","35",NA,NA,NA,NA,"0","2",NA,"18",NA,"I+","Inoculated",NA,NA,NA,"1","<http://www.purl.org/infection_trans#Swab>",NA,NA
"287","1","35",NA,NA,NA,NA,"10","2",NA,"30",NA,"I+","S",NA,NA,NA,"0","<http://www.purl.org/infection_trans#Swab>",NA,NA
"288","1","35",NA,NA,NA,NA,"8","2",NA,"28",NA,"I+","S",NA,NA,NA,"0","<http://www.purl.org/infection_trans#Swab>",NA,NA
"289","1","35",NA,NA,NA,NA,"2","2",NA,"22",NA,"I+","S",NA,NA,NA,"0","<http://www.purl.org/infection_trans#Swab>",NA,NA
"290","1","35",NA,NA,NA,NA,"8","4",NA,"58",NA,"S+I+","S",NA,NA,NA,"0","<http://www.purl.org/infection_trans#Swab>",NA,NA
"291","1","35",NA,NA,NA,NA,"0","4",NA,"47",NA,"S+I+","Inoculated",NA,NA,NA,"1","<http://www.purl.org/infection_trans#Swab>",NA,NA
"292","1","35",NA,NA,NA,NA,"0","3",NA,"34",NA,"S+","Inoculated",NA,NA,NA,"1","<http://www.purl.org/infection_trans#Swab>",NA,NA
"293","1","35",NA,NA,NA,NA,"0","3",NA,"35",NA,"S+","Inoculated",NA,NA,NA,"1","<http://www.purl.org/infection_trans#Swab>",NA,NA
"294","1","35",NA,NA,NA,NA,"1","4",NA,"51",NA,"S+I+","S",NA,NA,NA,"0","<http://www.purl.org/infection_trans#Swab>",NA,NA
"295","1","35",NA,NA,NA,NA,"0","1",NA,"1",NA,"Control","Inoculated",NA,NA,NA,"1","<http://www.purl.org/infection_trans#Swab>",NA,NA
"296","1","35",NA,NA,NA,NA,"1","2",NA,"21",NA,"I+","S",NA,NA,NA,"0","<http://www.purl.org/infection_trans#Swab>",NA,NA
"297","1","35",NA,NA,NA,NA,"4","3",NA,"39",NA,"S+","S",NA,NA,NA,"0","<http://www.purl.org/infection_trans#Swab>",NA,NA
"298","1","29",NA,NA,NA,NA,"4","1",NA,"9",NA,"Control","Sentinel",NA,NA,NA,"1","<http://www.purl.org/infection_trans#Swab>",NA,NA
"299","2","1",NA,NA,NA,NA,"0","7",NA,"95",NA,"S+","Inoculated",NA,NA,NA,"1","<http://www.purl.org/infection_trans#Swab>",NA,NA
"300","2","1",NA,NA,NA,NA,"0","8",NA,"110",NA,"S+I+","Inoculated",NA,NA,NA,"1","<http://www.purl.org/infection_trans#Swab>",NA,NA
"301","2","1",NA,NA,NA,NA,"0","5",NA,"65",NA,"Control","Inoculated",NA,NA,NA,"1","<http://www.purl.org/infection_trans#Swab>",NA,NA
"302","2","1",NA,NA,NA,NA,"0","8",NA,"109",NA,"S+I+","Inoculated",NA,NA,NA,"1","<http://www.purl.org/infection_trans#Swab>",NA,NA
"303","2","1",NA,NA,NA,NA,"0","8",NA,"108",NA,"S+I+","Inoculated",NA,NA,NA,"1","<http://www.purl.org/infection_trans#Swab>",NA,NA
"304","2","1",NA,NA,NA,NA,"0","6",NA,"80",NA,"I+","Inoculated",NA,NA,NA,"1","<http://www.purl.org/infection_trans#Swab>",NA,NA
"305","2","0",NA,NA,NA,NA,"0","8",NA,"107",NA,"S+I+","Inoculated",NA,NA,NA,"1","<http://www.purl.org/infection_trans#Swab>",NA,NA
"306","2","0",NA,NA,NA,NA,"6","7",NA,"101",NA,"S+","S",NA,NA,NA,"0","<http://www.purl.org/infection_trans#Swab>",NA,NA
"307","2","0",NA,NA,NA,NA,"5","5",NA,"70",NA,"Control","S",NA,NA,NA,"0","<http://www.purl.org/infection_trans#Swab>",NA,NA
"308","2","0",NA,NA,NA,NA,"4","7",NA,"99",NA,"S+","S",NA,NA,NA,"0","<http://www.purl.org/infection_trans#Swab>",NA,NA
"309","2","0",NA,NA,NA,NA,"1","5",NA,"66",NA,"Control","S",NA,NA,NA,"0","<http://www.purl.org/infection_trans#Swab>",NA,NA
"310","2","0",NA,NA,NA,NA,"3","8",NA,"113",NA,"S+I+","S",NA,NA,NA,"0","<http://www.purl.org/infection_trans#Swab>",NA,NA
"311","2","0",NA,NA,NA,NA,"3","5",NA,"68",NA,"Control","S",NA,NA,NA,"0","<http://www.purl.org/infection_trans#Swab>",NA,NA
"312","2","0",NA,NA,NA,NA,"5","7",NA,"100",NA,"S+","S",NA,NA,NA,"0","<http://www.purl.org/infection_trans#Swab>",NA,NA
"313","2","0",NA,NA,NA,NA,"1","6",NA,"81",NA,"I+","S",NA,NA,NA,"0","<http://www.purl.org/infection_trans#Swab>",NA,NA
"314","2","0",NA,NA,NA,NA,"10","5",NA,"75",NA,"Control","S",NA,NA,NA,"0","<http://www.purl.org/infection_trans#Swab>",NA,NA
"315","2","0",NA,NA,NA,NA,"7","7",NA,"102",NA,"S+","S",NA,NA,NA,"0","<http://www.purl.org/infection_trans#Swab>",NA,NA
"316","2","0",NA,NA,NA,NA,"0","6",NA,"76",NA,"I+","Inoculated",NA,NA,NA,"1","<http://www.purl.org/infection_trans#Swab>",NA,NA
"317","2","0",NA,NA,NA,NA,"7","6",NA,"87",NA,"I+","S",NA,NA,NA,"0","<http://www.purl.org/infection_trans#Swab>",NA,NA
"318","2","0",NA,NA,NA,NA,"9","7",NA,"104",NA,"S+","S",NA,NA,NA,"0","<http://www.purl.org/infection_trans#Swab>",NA,NA
"319","2","0",NA,NA,NA,NA,"3","7",NA,"98",NA,"S+","Sentinel",NA,NA,NA,"0","<http://www.purl.org/infection_trans#Swab>",NA,NA
"320","2","0",NA,NA,NA,NA,"5","6",NA,"85",NA,"I+","S",NA,NA,NA,"0","<http://www.purl.org/infection_trans#Swab>",NA,NA
"321","2","0",NA,NA,NA,NA,"1","7",NA,"96",NA,"S+","S",NA,NA,NA,"0","<http://www.purl.org/infection_trans#Swab>",NA,NA
"322","2","0",NA,NA,NA,NA,"10","6",NA,"90",NA,"I+","S",NA,NA,NA,"0","<http://www.purl.org/infection_trans#Swab>",NA,NA
"323","2","0",NA,NA,NA,NA,"0","7",NA,"93",NA,"S+","Inoculated",NA,NA,NA,"1","<http://www.purl.org/infection_trans#Swab>",NA,NA
"324","2","0",NA,NA,NA,NA,"5","8",NA,"115",NA,"S+I+","Sentinel",NA,NA,NA,"0","<http://www.purl.org/infection_trans#Swab>",NA,NA
"325","2","0",NA,NA,NA,NA,"9","5",NA,"74",NA,"Control","S",NA,NA,NA,"0","<http://www.purl.org/infection_trans#Swab>",NA,NA
"326","2","0",NA,NA,NA,NA,"6","8",NA,"116",NA,"S+I+","Sentinel",NA,NA,NA,"0","<http://www.purl.org/infection_trans#Swab>",NA,NA
"327","2","0",NA,NA,NA,NA,"4","6",NA,"84",NA,"I+","S",NA,NA,NA,"0","<http://www.purl.org/infection_trans#Swab>",NA,NA
"328","2","0",NA,NA,NA,NA,"6","5",NA,"71",NA,"Control","S",NA,NA,NA,"0","<http://www.purl.org/infection_trans#Swab>",NA,NA
"329","2","0",NA,NA,NA,NA,"0","7",NA,"94",NA,"S+","Inoculated",NA,NA,NA,"1","<http://www.purl.org/infection_trans#Swab>",NA,NA
"330","2","0",NA,NA,NA,NA,"7","8",NA,"117",NA,"S+I+","S",NA,NA,NA,"0","<http://www.purl.org/infection_trans#Swab>",NA,NA
"331","2","0",NA,NA,NA,NA,"3","6",NA,"83",NA,"I+","S",NA,NA,NA,"0","<http://www.purl.org/infection_trans#Swab>",NA,NA
"332","2","0",NA,NA,NA,NA,"8","5",NA,"73",NA,"Control","S",NA,NA,NA,"0","<http://www.purl.org/infection_trans#Swab>",NA,NA
"333","2","0",NA,NA,NA,NA,"0","7",NA,"91",NA,"S+","Inoculated",NA,NA,NA,"1","<http://www.purl.org/infection_trans#Swab>",NA,NA
"334","2","0",NA,NA,NA,NA,"9","8",NA,"119",NA,"S+I+","S",NA,NA,NA,"0","<http://www.purl.org/infection_trans#Swab>",NA,NA
"335","2","0",NA,NA,NA,NA,"2","6",NA,"82",NA,"I+","S",NA,NA,NA,"0","<http://www.purl.org/infection_trans#Swab>",NA,NA
"336","2","0",NA,NA,NA,NA,"1","8",NA,"111",NA,"S+I+","S",NA,NA,NA,"0","<http://www.purl.org/infection_trans#Swab>",NA,NA
"337","2","0",NA,NA,NA,NA,"8","7",NA,"103",NA,"S+","S",NA,NA,NA,"0","<http://www.purl.org/infection_trans#Swab>",NA,NA
"338","2","0",NA,NA,NA,NA,"0","5",NA,"62",NA,"Control","Inoculated",NA,NA,NA,"1","<http://www.purl.org/infection_trans#Swab>",NA,NA
"339","2","0",NA,NA,NA,NA,"4","5",NA,"69",NA,"Control","Sentinel",NA,NA,NA,"0","<http://www.purl.org/infection_trans#Swab>",NA,NA
"340","2","0",NA,NA,NA,NA,"2","5",NA,"67",NA,"Control","S",NA,NA,NA,"0","<http://www.purl.org/infection_trans#Swab>",NA,NA
"341","2","0",NA,NA,NA,NA,"0","6",NA,"77",NA,"I+","Inoculated",NA,NA,NA,"1","<http://www.purl.org/infection_trans#Swab>",NA,NA
"342","2","0",NA,NA,NA,NA,"0","7",NA,"92",NA,"S+","Inoculated",NA,NA,NA,"1","<http://www.purl.org/infection_trans#Swab>",NA,NA
"343","2","0",NA,NA,NA,NA,"0","5",NA,"64",NA,"Control","Inoculated",NA,NA,NA,"1","<http://www.purl.org/infection_trans#Swab>",NA,NA
"344","2","0",NA,NA,NA,NA,"2","8",NA,"112",NA,"S+I+","S",NA,NA,NA,"0","<http://www.purl.org/infection_trans#Swab>",NA,NA
"345","2","0",NA,NA,NA,NA,"10","7",NA,"105",NA,"S+","S",NA,NA,NA,"0","<http://www.purl.org/infection_trans#Swab>",NA,NA
"346","2","0",NA,NA,NA,NA,"0","5",NA,"61",NA,"Control","Inoculated",NA,NA,NA,"1","<http://www.purl.org/infection_trans#Swab>",NA,NA
"347","2","0",NA,NA,NA,NA,"8","8",NA,"118",NA,"S+I+","S",NA,NA,NA,"0","<http://www.purl.org/infection_trans#Swab>",NA,NA
"348","2","0",NA,NA,NA,NA,"9","6",NA,"89",NA,"I+","S",NA,NA,NA,"0","<http://www.purl.org/infection_trans#Swab>",NA,NA
"349","2","0",NA,NA,NA,NA,"8","6",NA,"88",NA,"I+","S",NA,NA,NA,"0","<http://www.purl.org/infection_trans#Swab>",NA,NA
"350","2","0",NA,NA,NA,NA,"6","6",NA,"86",NA,"I+","S",NA,NA,NA,"0","<http://www.purl.org/infection_trans#Swab>",NA,NA
"351","2","0",NA,NA,NA,NA,"7","5",NA,"72",NA,"Control","Sentinel",NA,NA,NA,"0","<http://www.purl.org/infection_trans#Swab>",NA,NA
"352","2","0",NA,NA,NA,NA,"2","7",NA,"97",NA,"S+","S",NA,NA,NA,"0","<http://www.purl.org/infection_trans#Swab>",NA,NA
"353","2","0",NA,NA,NA,NA,"0","6",NA,"79",NA,"I+","Inoculated",NA,NA,NA,"1","<http://www.purl.org/infection_trans#Swab>",NA,NA
"354","2","0",NA,NA,NA,NA,"10","8",NA,"120",NA,"S+I+","S",NA,NA,NA,"0","<http://www.purl.org/infection_trans#Swab>",NA,NA
"355","2","0",NA,NA,NA,NA,"4","8",NA,"114",NA,"S+I+","S",NA,NA,NA,"0","<http://www.purl.org/infection_trans#Swab>",NA,NA
"356","2","0",NA,NA,NA,NA,"0","8",NA,"106",NA,"S+I+","Inoculated",NA,NA,NA,"1","<http://www.purl.org/infection_trans#Swab>",NA,NA
"357","2","0",NA,NA,NA,NA,"0","5",NA,"63",NA,"Control","Inoculated",NA,NA,NA,"1","<http://www.purl.org/infection_trans#Swab>",NA,NA
"358","2","0",NA,NA,NA,NA,"0","6",NA,"78",NA,"I+","Inoculated",NA,NA,NA,"1","<http://www.purl.org/infection_trans#Swab>",NA,NA
"359","2","15",NA,NA,NA,NA,"3","7",NA,"98",NA,"S+","Sentinel",NA,NA,NA,"1","<http://www.purl.org/infection_trans#Swab>",NA,NA
"360","1","26",NA,NA,NA,NA,"7","1",NA,"12",NA,"Control","Sentinel",NA,NA,NA,"1","<http://www.purl.org/infection_trans#Swab>",NA,NA
"361","1","26",NA,NA,NA,NA,"2","3",NA,"37",NA,"S+","Sentinel",NA,NA,NA,"1","<http://www.purl.org/infection_trans#Swab>",NA,NA
"362","1","22",NA,NA,NA,NA,"5","1",NA,"10",NA,"Control","Sentinel",NA,NA,NA,"1","<http://www.purl.org/infection_trans#Swab>",NA,NA
"363","2","30",NA,NA,NA,NA,"7","5",NA,"72",NA,"Control","Sentinel",NA,NA,NA,"1","<http://www.purl.org/infection_trans#Swab>",NA,NA
"364","2","30",NA,NA,NA,NA,"4","5",NA,"69",NA,"Control","Sentinel",NA,NA,NA,"1","<http://www.purl.org/infection_trans#Swab>",NA,NA
"365","4","35",NA,NA,NA,NA,"2","16",NA,"232",NA,"S+I+","S",NA,NA,NA,"0","<http://www.purl.org/infection_trans#Swab>",NA,NA
"366","4","35",NA,NA,NA,NA,"0","15",NA,"212",NA,"S+","Inoculated",NA,NA,NA,"1","<http://www.purl.org/infection_trans#Swab>",NA,NA
"367","4","35",NA,NA,NA,NA,"6","16",NA,"236",NA,"S+I+","S",NA,NA,NA,"0","<http://www.purl.org/infection_trans#Swab>",NA,NA
"368","4","35",NA,NA,NA,NA,"5","15",NA,"220",NA,"S+","S",NA,NA,NA,"0","<http://www.purl.org/infection_trans#Swab>",NA,NA
"369","4","35",NA,NA,NA,NA,"0","16",NA,"227",NA,"S+I+","Inoculated",NA,NA,NA,"1","<http://www.purl.org/infection_trans#Swab>",NA,NA
"370","4","35",NA,NA,NA,NA,"5","13",NA,"190",NA,"Control","S",NA,NA,NA,"0","<http://www.purl.org/infection_trans#Swab>",NA,NA
"371","4","35",NA,NA,NA,NA,"0","13",NA,"184",NA,"Control","Inoculated",NA,NA,NA,"1","<http://www.purl.org/infection_trans#Swab>",NA,NA
"372","4","35",NA,NA,NA,NA,"0","15",NA,"215",NA,"S+","Inoculated",NA,NA,NA,"1","<http://www.purl.org/infection_trans#Swab>",NA,NA
"373","4","35",NA,NA,NA,NA,"0","13",NA,"185",NA,"Control","Inoculated",NA,NA,NA,"1","<http://www.purl.org/infection_trans#Swab>",NA,NA
"374","4","35",NA,NA,NA,NA,"0","13",NA,"182",NA,"Control","Inoculated",NA,NA,NA,"1","<http://www.purl.org/infection_trans#Swab>",NA,NA
"375","4","35",NA,NA,NA,NA,"9","16",NA,"239",NA,"S+I+","S",NA,NA,NA,"0","<http://www.purl.org/infection_trans#Swab>",NA,NA
"376","4","35",NA,NA,NA,NA,"7","16",NA,"237",NA,"S+I+","S",NA,NA,NA,"0","<http://www.purl.org/infection_trans#Swab>",NA,NA
"377","4","35",NA,NA,NA,NA,"0","13",NA,"183",NA,"Control","Inoculated",NA,NA,NA,"1","<http://www.purl.org/infection_trans#Swab>",NA,NA
"378","4","35",NA,NA,NA,NA,"0","16",NA,"228",NA,"S+I+","Inoculated",NA,NA,NA,"1","<http://www.purl.org/infection_trans#Swab>",NA,NA
"379","4","35",NA,NA,NA,NA,"5","14",NA,"205",NA,"I+","Sentinel",NA,NA,NA,"1","<http://www.purl.org/infection_trans#Swab>",NA,NA
"380","4","35",NA,NA,NA,NA,"8","16",NA,"238",NA,"S+I+","S",NA,NA,NA,"0","<http://www.purl.org/infection_trans#Swab>",NA,NA
"381","4","35",NA,NA,NA,NA,"1","13",NA,"186",NA,"Control","S",NA,NA,NA,"0","<http://www.purl.org/infection_trans#Swab>",NA,NA
"382","4","35",NA,NA,NA,NA,"0","14",NA,"196",NA,"I+","Inoculated",NA,NA,NA,"1","<http://www.purl.org/infection_trans#Swab>",NA,NA
"383","4","35",NA,NA,NA,NA,"6","13",NA,"191",NA,"Control","S",NA,NA,NA,"0","<http://www.purl.org/infection_trans#Swab>",NA,NA
"384","4","35",NA,NA,NA,NA,"0","16",NA,"230",NA,"S+I+","Inoculated",NA,NA,NA,"1","<http://www.purl.org/infection_trans#Swab>",NA,NA
"385","4","35",NA,NA,NA,NA,"0","14",NA,"197",NA,"I+","Inoculated",NA,NA,NA,"1","<http://www.purl.org/infection_trans#Swab>",NA,NA
"386","4","35",NA,NA,NA,NA,"6","14",NA,"206",NA,"I+","S",NA,NA,NA,"0","<http://www.purl.org/infection_trans#Swab>",NA,NA
"387","4","35",NA,NA,NA,NA,"1","14",NA,"201",NA,"I+","S",NA,NA,NA,"0","<http://www.purl.org/infection_trans#Swab>",NA,NA
"388","4","35",NA,NA,NA,NA,"0","14",NA,"199",NA,"I+","Inoculated",NA,NA,NA,"1","<http://www.purl.org/infection_trans#Swab>",NA,NA
"389","4","35",NA,NA,NA,NA,"0","15",NA,"214",NA,"S+","Inoculated",NA,NA,NA,"1","<http://www.purl.org/infection_trans#Swab>",NA,NA
"390","4","35",NA,NA,NA,NA,"8","15",NA,"223",NA,"S+","S",NA,NA,NA,"0","<http://www.purl.org/infection_trans#Swab>",NA,NA
"391","4","35",NA,NA,NA,NA,"0","15",NA,"211",NA,"S+","Inoculated",NA,NA,NA,"1","<http://www.purl.org/infection_trans#Swab>",NA,NA
"392","4","35",NA,NA,NA,NA,"0","14",NA,"198",NA,"I+","Inoculated",NA,NA,NA,"1","<http://www.purl.org/infection_trans#Swab>",NA,NA
"393","4","35",NA,NA,NA,NA,"0","13",NA,"181",NA,"Control","Inoculated",NA,NA,NA,"1","<http://www.purl.org/infection_trans#Swab>",NA,NA
"394","4","35",NA,NA,NA,NA,"3","14",NA,"203",NA,"I+","S",NA,NA,NA,"0","<http://www.purl.org/infection_trans#Swab>",NA,NA
"395","4","35",NA,NA,NA,NA,"9","13",NA,"194",NA,"Control","S",NA,NA,NA,"0","<http://www.purl.org/infection_trans#Swab>",NA,NA
"396","4","35",NA,NA,NA,NA,"10","13",NA,"195",NA,"Control","S",NA,NA,NA,"0","<http://www.purl.org/infection_trans#Swab>",NA,NA
"397","4","35",NA,NA,NA,NA,"2","13",NA,"187",NA,"Control","S",NA,NA,NA,"0","<http://www.purl.org/infection_trans#Swab>",NA,NA
"398","4","35",NA,NA,NA,NA,"10","16",NA,"240",NA,"S+I+","S",NA,NA,NA,"0","<http://www.purl.org/infection_trans#Swab>",NA,NA
"399","4","35",NA,NA,NA,NA,"4","13",NA,"189",NA,"Control","S",NA,NA,NA,"0","<http://www.purl.org/infection_trans#Swab>",NA,NA
"400","4","35",NA,NA,NA,NA,"0","16",NA,"229",NA,"S+I+","Inoculated",NA,NA,NA,"1","<http://www.purl.org/infection_trans#Swab>",NA,NA
"401","4","35",NA,NA,NA,NA,"2","15",NA,"217",NA,"S+","S",NA,NA,NA,"0","<http://www.purl.org/infection_trans#Swab>",NA,NA
"402","4","35",NA,NA,NA,NA,"7","14",NA,"207",NA,"I+","S",NA,NA,NA,"0","<http://www.purl.org/infection_trans#Swab>",NA,NA
"403","4","35",NA,NA,NA,NA,"7","15",NA,"222",NA,"S+","S",NA,NA,NA,"0","<http://www.purl.org/infection_trans#Swab>",NA,NA
"404","4","35",NA,NA,NA,NA,"10","14",NA,"210",NA,"I+","S",NA,NA,NA,"0","<http://www.purl.org/infection_trans#Swab>",NA,NA
"405","4","35",NA,NA,NA,NA,"3","15",NA,"218",NA,"S+","S",NA,NA,NA,"0","<http://www.purl.org/infection_trans#Swab>",NA,NA
"406","4","35",NA,NA,NA,NA,"0","15",NA,"213",NA,"S+","Inoculated",NA,NA,NA,"1","<http://www.purl.org/infection_trans#Swab>",NA,NA
"407","4","35",NA,NA,NA,NA,"4","14",NA,"204",NA,"I+","S",NA,NA,NA,"0","<http://www.purl.org/infection_trans#Swab>",NA,NA
"408","4","35",NA,NA,NA,NA,"3","13",NA,"188",NA,"Control","S",NA,NA,NA,"0","<http://www.purl.org/infection_trans#Swab>",NA,NA
"409","4","35",NA,NA,NA,NA,"1","16",NA,"231",NA,"S+I+","S",NA,NA,NA,"0","<http://www.purl.org/infection_trans#Swab>",NA,NA
"410","4","35",NA,NA,NA,NA,"8","13",NA,"193",NA,"Control","S",NA,NA,NA,"0","<http://www.purl.org/infection_trans#Swab>",NA,NA
"411","4","35",NA,NA,NA,NA,"0","14",NA,"200",NA,"I+","Inoculated",NA,NA,NA,"1","<http://www.purl.org/infection_trans#Swab>",NA,NA
"412","4","35",NA,NA,NA,NA,"0","16",NA,"226",NA,"S+I+","Inoculated",NA,NA,NA,"1","<http://www.purl.org/infection_trans#Swab>",NA,NA
"413","4","35",NA,NA,NA,NA,"8","14",NA,"208",NA,"I+","S",NA,NA,NA,"0","<http://www.purl.org/infection_trans#Swab>",NA,NA
"414","4","35",NA,NA,NA,NA,"5","16",NA,"235",NA,"S+I+","S",NA,NA,NA,"0","<http://www.purl.org/infection_trans#Swab>",NA,NA
"415","4","35",NA,NA,NA,NA,"4","16",NA,"234",NA,"S+I+","S",NA,NA,NA,"0","<http://www.purl.org/infection_trans#Swab>",NA,NA
"416","4","35",NA,NA,NA,NA,"9","14",NA,"209",NA,"I+","S",NA,NA,NA,"0","<http://www.purl.org/infection_trans#Swab>",NA,NA
"417","4","35",NA,NA,NA,NA,"4","15",NA,"219",NA,"S+","S",NA,NA,NA,"0","<http://www.purl.org/infection_trans#Swab>",NA,NA
"418","4","35",NA,NA,NA,NA,"3","16",NA,"233",NA,"S+I+","S",NA,NA,NA,"0","<http://www.purl.org/infection_trans#Swab>",NA,NA
"419","4","35",NA,NA,NA,NA,"9","15",NA,"224",NA,"S+","S",NA,NA,NA,"0","<http://www.purl.org/infection_trans#Swab>",NA,NA
"420","4","35",NA,NA,NA,NA,"6","15",NA,"221",NA,"S+","S",NA,NA,NA,"0","<http://www.purl.org/infection_trans#Swab>",NA,NA
"421","4","35",NA,NA,NA,NA,"7","13",NA,"192",NA,"Control","S",NA,NA,NA,"0","<http://www.purl.org/infection_trans#Swab>",NA,NA
"422","4","32",NA,NA,NA,NA,"2","14",NA,"202",NA,"I+","Sentinel",NA,NA,NA,"1","<http://www.purl.org/infection_trans#Swab>",NA,NA
"423","1","28",NA,NA,NA,NA,"9","1",NA,"14",NA,"Control","Sentinel",NA,NA,NA,"1","<http://www.purl.org/infection_trans#Swab>",NA,NA
"424","1","0",NA,NA,NA,NA,"10","2",NA,"30",NA,"I+","S",NA,NA,NA,"0","<http://www.purl.org/infection_trans#Swab>",NA,NA
"425","1","0",NA,NA,NA,NA,"3","1",NA,"8",NA,"Control","Sentinel",NA,NA,NA,"0","<http://www.purl.org/infection_trans#Swab>",NA,NA
"426","1","0",NA,NA,NA,NA,"0","2",NA,"19",NA,"I+","Inoculated",NA,NA,NA,"1","<http://www.purl.org/infection_trans#Swab>",NA,NA
"427","1","0",NA,NA,NA,NA,"7","3",NA,"42",NA,"S+","S",NA,NA,NA,"0","<http://www.purl.org/infection_trans#Swab>",NA,NA
"428","1","0",NA,NA,NA,NA,"5","2",NA,"25",NA,"I+","S",NA,NA,NA,"0","<http://www.purl.org/infection_trans#Swab>",NA,NA
"429","1","0",NA,NA,NA,NA,"9","2",NA,"29",NA,"I+","S",NA,NA,NA,"0","<http://www.purl.org/infection_trans#Swab>",NA,NA
"430","1","0",NA,NA,NA,NA,"0","3",NA,"31",NA,"S+","Inoculated",NA,NA,NA,"1","<http://www.purl.org/infection_trans#Swab>",NA,NA
"431","1","0",NA,NA,NA,NA,"8","4",NA,"58",NA,"S+I+","S",NA,NA,NA,"0","<http://www.purl.org/infection_trans#Swab>",NA,NA
"432","1","0",NA,NA,NA,NA,"5","1",NA,"10",NA,"Control","Sentinel",NA,NA,NA,"0","<http://www.purl.org/infection_trans#Swab>",NA,NA
"433","1","0",NA,NA,NA,NA,"0","1",NA,"1",NA,"Control","Inoculated",NA,NA,NA,"1","<http://www.purl.org/infection_trans#Swab>",NA,NA
"434","1","0",NA,NA,NA,NA,"3","2",NA,"23",NA,"I+","Sentinel",NA,NA,NA,"0","<http://www.purl.org/infection_trans#Swab>",NA,NA
"435","1","0",NA,NA,NA,NA,"9","4",NA,"59",NA,"S+I+","S",NA,NA,NA,"0","<http://www.purl.org/infection_trans#Swab>",NA,NA
"436","1","0",NA,NA,NA,NA,"5","4",NA,"55",NA,"S+I+","S",NA,NA,NA,"0","<http://www.purl.org/infection_trans#Swab>",NA,NA
"437","1","0",NA,NA,NA,NA,"8","1",NA,"13",NA,"Control","S",NA,NA,NA,"0","<http://www.purl.org/infection_trans#Swab>",NA,NA
"438","1","0",NA,NA,NA,NA,"4","2",NA,"24",NA,"I+","S",NA,NA,NA,"0","<http://www.purl.org/infection_trans#Swab>",NA,NA
"439","1","0",NA,NA,NA,NA,"2","1",NA,"7",NA,"Control","Sentinel",NA,NA,NA,"0","<http://www.purl.org/infection_trans#Swab>",NA,NA
"440","1","0",NA,NA,NA,NA,"8","3",NA,"43",NA,"S+","S",NA,NA,NA,"0","<http://www.purl.org/infection_trans#Swab>",NA,NA
"441","1","0",NA,NA,NA,NA,"0","4",NA,"47",NA,"S+I+","Inoculated",NA,NA,NA,"1","<http://www.purl.org/infection_trans#Swab>",NA,NA
"442","1","0",NA,NA,NA,NA,"0","2",NA,"18",NA,"I+","Inoculated",NA,NA,NA,"1","<http://www.purl.org/infection_trans#Swab>",NA,NA
"443","1","0",NA,NA,NA,NA,"2","3",NA,"37",NA,"S+","Sentinel",NA,NA,NA,"0","<http://www.purl.org/infection_trans#Swab>",NA,NA
"444","1","0",NA,NA,NA,NA,"10","1",NA,"15",NA,"Control","Sentinel",NA,NA,NA,"0","<http://www.purl.org/infection_trans#Swab>",NA,NA
"445","1","0",NA,NA,NA,NA,"1","3",NA,"36",NA,"S+","S",NA,NA,NA,"0","<http://www.purl.org/infection_trans#Swab>",NA,NA
"446","1","0",NA,NA,NA,NA,"6","2",NA,"26",NA,"I+","S",NA,NA,NA,"0","<http://www.purl.org/infection_trans#Swab>",NA,NA
"447","1","0",NA,NA,NA,NA,"2","4",NA,"52",NA,"S+I+","S",NA,NA,NA,"0","<http://www.purl.org/infection_trans#Swab>",NA,NA
"448","1","0",NA,NA,NA,NA,"0","4",NA,"48",NA,"S+I+","Inoculated",NA,NA,NA,"1","<http://www.purl.org/infection_trans#Swab>",NA,NA
"449","1","0",NA,NA,NA,NA,"0","1",NA,"2",NA,"Control","Inoculated",NA,NA,NA,"1","<http://www.purl.org/infection_trans#Swab>",NA,NA
"450","1","0",NA,NA,NA,NA,"2","2",NA,"22",NA,"I+","S",NA,NA,NA,"0","<http://www.purl.org/infection_trans#Swab>",NA,NA
"451","1","0",NA,NA,NA,NA,"4","3",NA,"39",NA,"S+","S",NA,NA,NA,"0","<http://www.purl.org/infection_trans#Swab>",NA,NA
"452","1","0",NA,NA,NA,NA,"4","4",NA,"54",NA,"S+I+","S",NA,NA,NA,"0","<http://www.purl.org/infection_trans#Swab>",NA,NA
"453","1","0",NA,NA,NA,NA,"1","1",NA,"6",NA,"Control","S",NA,NA,NA,"0","<http://www.purl.org/infection_trans#Swab>",NA,NA
"454","1","0",NA,NA,NA,NA,"1","4",NA,"51",NA,"S+I+","S",NA,NA,NA,"0","<http://www.purl.org/infection_trans#Swab>",NA,NA
"455","1","0",NA,NA,NA,NA,"10","4",NA,"60",NA,"S+I+","S",NA,NA,NA,"0","<http://www.purl.org/infection_trans#Swab>",NA,NA
"456","1","0",NA,NA,NA,NA,"6","4",NA,"56",NA,"S+I+","S",NA,NA,NA,"0","<http://www.purl.org/infection_trans#Swab>",NA,NA
"457","1","0",NA,NA,NA,NA,"9","3",NA,"44",NA,"S+","S",NA,NA,NA,"0","<http://www.purl.org/infection_trans#Swab>",NA,NA
"458","1","0",NA,NA,NA,NA,"0","1",NA,"4",NA,"Control","Inoculated",NA,NA,NA,"1","<http://www.purl.org/infection_trans#Swab>",NA,NA
"459","1","0",NA,NA,NA,NA,"0","3",NA,"32",NA,"S+","Inoculated",NA,NA,NA,"1","<http://www.purl.org/infection_trans#Swab>",NA,NA
"460","1","0",NA,NA,NA,NA,"0","4",NA,"49",NA,"S+I+","Inoculated",NA,NA,NA,"1","<http://www.purl.org/infection_trans#Swab>",NA,NA
"461","1","0",NA,NA,NA,NA,"5","3",NA,"40",NA,"S+","S",NA,NA,NA,"0","<http://www.purl.org/infection_trans#Swab>",NA,NA
"462","1","0",NA,NA,NA,NA,"1","2",NA,"21",NA,"I+","S",NA,NA,NA,"0","<http://www.purl.org/infection_trans#Swab>",NA,NA
"463","1","0",NA,NA,NA,NA,"7","1",NA,"12",NA,"Control","Sentinel",NA,NA,NA,"0","<http://www.purl.org/infection_trans#Swab>",NA,NA
"464","1","0",NA,NA,NA,NA,"3","4",NA,"53",NA,"S+I+","S",NA,NA,NA,"0","<http://www.purl.org/infection_trans#Swab>",NA,NA
"465","1","0",NA,NA,NA,NA,"0","1",NA,"3",NA,"Control","Inoculated",NA,NA,NA,"1","<http://www.purl.org/infection_trans#Swab>",NA,NA
"466","1","0",NA,NA,NA,NA,"0","4",NA,"46",NA,"S+I+","Inoculated",NA,NA,NA,"1","<http://www.purl.org/infection_trans#Swab>",NA,NA
"467","1","0",NA,NA,NA,NA,"9","1",NA,"14",NA,"Control","Sentinel",NA,NA,NA,"0","<http://www.purl.org/infection_trans#Swab>",NA,NA
"468","1","0",NA,NA,NA,NA,"4","1",NA,"9",NA,"Control","Sentinel",NA,NA,NA,"0","<http://www.purl.org/infection_trans#Swab>",NA,NA
"469","1","0",NA,NA,NA,NA,"7","2",NA,"27",NA,"I+","S",NA,NA,NA,"0","<http://www.purl.org/infection_trans#Swab>",NA,NA
"470","1","0",NA,NA,NA,NA,"0","2",NA,"16",NA,"I+","Inoculated",NA,NA,NA,"1","<http://www.purl.org/infection_trans#Swab>",NA,NA
"471","1","0",NA,NA,NA,NA,"6","1",NA,"11",NA,"Control","Sentinel",NA,NA,NA,"0","<http://www.purl.org/infection_trans#Swab>",NA,NA
"472","1","0",NA,NA,NA,NA,"6","3",NA,"41",NA,"S+","S",NA,NA,NA,"0","<http://www.purl.org/infection_trans#Swab>",NA,NA
"473","1","0",NA,NA,NA,NA,"3","3",NA,"38",NA,"S+","S",NA,NA,NA,"0","<http://www.purl.org/infection_trans#Swab>",NA,NA
"474","1","0",NA,NA,NA,NA,"0","2",NA,"17",NA,"I+","Inoculated",NA,NA,NA,"1","<http://www.purl.org/infection_trans#Swab>",NA,NA
"475","1","0",NA,NA,NA,NA,"8","2",NA,"28",NA,"I+","S",NA,NA,NA,"0","<http://www.purl.org/infection_trans#Swab>",NA,NA
"476","1","0",NA,NA,NA,NA,"10","3",NA,"45",NA,"S+","S",NA,NA,NA,"0","<http://www.purl.org/infection_trans#Swab>",NA,NA
"477","1","0",NA,NA,NA,NA,"7","4",NA,"57",NA,"S+I+","Sentinel",NA,NA,NA,"0","<http://www.purl.org/infection_trans#Swab>",NA,NA
"478","1","15",NA,NA,NA,NA,"3","1",NA,"8",NA,"Control","Sentinel",NA,NA,NA,"1","<http://www.purl.org/infection_trans#Swab>",NA,NA
"479","1","15",NA,NA,NA,NA,"2","1",NA,"7",NA,"Control","Sentinel",NA,NA,NA,"1","<http://www.purl.org/infection_trans#Swab>",NA,NA
"480","1","15",NA,NA,NA,NA,"10","1",NA,"15",NA,"Control","Sentinel",NA,NA,NA,"1","<http://www.purl.org/infection_trans#Swab>",NA,NA
